Model,MAE,R² Score
Linear Regression,64.4944510032744,0.007032387020564523
Random Forest,71.4379822216743,-0.2937882117584676
