,code,age
count,1340.0,1340.0
mean,669.5,42.742537313432834
std,386.9689910057394,12.869778511473296
min,0.0,21.0
25%,334.75,32.0
50%,669.5,42.0
75%,1004.25,54.0
max,1339.0,65.0
